created_at,favorite_count,hashtags,id,in_reply_to_status_id,in_reply_to_user_id_str,reply_count,retweet_count,source,user_id_str,user_followers_count,user_friends_count,user_created_at,extracted_source
Mon Apr 20 20:29:26 +0000 2020,8826,[],1252333577120907266,,,9191,2202,"<a href=\"http://twitter.com/download/android\" rel=\"nofollow\">Twitter for Android</a>",1036832407,2514,1968,Wed Dec 26 10:31:10 +0000 2012,Twitter for Android
Mon Apr 20 20:29:29 +0000 2020,9916,[],1252333589812912129,,,1019,6682,"<a href=\"http://twitter.com/download/iphone\" rel=\"nofollow\">Twitter for iPhone</a>",1142557402358792192,263,528,Sat Jun 22 22:18:07 +0000 2019,Twitter for iPhone
Mon Apr 20 20:29:30 +0000 2020,5561,[],1252333592367239168,,,9472,5015,"<a href=\"http://twitter.com/download/android\" rel=\"nofollow\">Twitter for Android</a>",1156643721418563594,56,721,Wed Jul 31 19:12:07 +0000 2019,Twitter for Android
Mon Apr 20 20:29:32 +0000 2020,8809,[],1252333599862468609,,,7100,1354,"<a href=\"http://twitter.com/download/iphone\" rel=\"nofollow\">Twitter for iPhone</a>",1316769013,407,451,Sat Mar 30 16:31:19 +0000 2013,Twitter for iPhone
Mon Apr 20 20:29:33 +0000 2020,2521,[],1252333605478633472,1252329927464058887,2983237569,9506,8606,"<a href=\"http://twitter.com/download/android\" rel=\"nofollow\">Twitter for Android</a>",1211641092723986432,3,101,Mon Dec 30 13:32:13 +0000 2019,Twitter for Android
Mon Apr 20 20:29:36 +0000 2020,120,[],1252333619122757632,,,2979,7129,"<a href=\"http://twitter.com/download/iphone\" rel=\"nofollow\">Twitter for iPhone</a>",1246450567741931523,3423,652,Sat Apr 04 14:52:44 +0000 2020,Twitter for iPhone
Mon Apr 20 20:29:40 +0000 2020,4667,[],1252333634230648832,,,4396,8783,"<a href=\"http://twitter.com/download/iphone\" rel=\"nofollow\">Twitter for iPhone</a>",1010990475568910337,1954,601,Sun Jun 24 20:58:07 +0000 2018,Twitter for iPhone
Mon Apr 20 20:29:40 +0000 2020,7868,[],1252333634939490305,,,2076,3380,"<a href=\"http://twitter.com/download/iphone\" rel=\"nofollow\">Twitter for iPhone</a>",895995681629974529,378,451,Fri Aug 11 13:09:52 +0000 2017,Twitter for iPhone
Mon Apr 20 20:29:45 +0000 2020,5420,[],1252333654111596547,,,4537,8936,"<a href=\"http://twitter.com/download/android\" rel=\"nofollow\">Twitter for Android</a>",1211588714104643584,1276,1968,Mon Dec 30 10:04:21 +0000 2019,Twitter for Android
Mon Apr 20 20:29:45 +0000 2020,5300,[],1252333655944462337,1252333655067971584,35219388,8256,4862,"<a href=\"http://twitter.com/download/iphone\" rel=\"nofollow\">Twitter for iPhone</a>",35219388,593,385,Sat Apr 25 14:14:51 +0000 2009,Twitter for iPhone
Mon Apr 20 20:29:46 +0000 2020,8566,[],1252333661841735684,,,290,1669,"<a href=\"http://twitter.com/download/iphone\" rel=\"nofollow\">Twitter for iPhone</a>",42315772,247,939,Mon May 25 00:49:12 +0000 2009,Twitter for iPhone
Mon Apr 20 20:29:51 +0000 2020,6134,[],1252333682595115008,,,4721,3678,"<a href=\"http://twitter.com/download/iphone\" rel=\"nofollow\">Twitter for iPhone</a>",3367993007,790,317,Thu Jul 09 17:43:48 +0000 2015,Twitter for iPhone
Mon Apr 20 20:29:54 +0000 2020,909,[],1252333694188163073,,,2884,9444,"<a href=\"http://twitter.com/download/iphone\" rel=\"nofollow\">Twitter for iPhone</a>",603818074,1150,1165,Sat Jun 09 18:26:08 +0000 2012,Twitter for iPhone
Mon Apr 20 20:29:55 +0000 2020,5143,[],1252333696541065216,,,7134,6200,"<a href=\"http://twitter.com/download/iphone\" rel=\"nofollow\">Twitter for iPhone</a>",1372956698,15292,13186,Mon Apr 22 19:44:37 +0000 2013,Twitter for iPhone
Mon Apr 20 20:30:00 +0000 2020,7919,[],1252333719144325120,,,2671,9661,"<a href=\"http://twitter.com/download/iphone\" rel=\"nofollow\">Twitter for iPhone</a>",220512553,2286,4519,Sun Nov 28 00:47:09 +0000 2010,Twitter for iPhone
Mon Apr 20 20:30:03 +0000 2020,8709,"[pandemics, coronavirus, meat, vegan, COVIDー19, COVID19]",1252333732960382977,,,5536,764,"<a href=\"http://twitter.com/download/iphone\" rel=\"nofollow\">Twitter for iPhone</a>",2893905713,978,1986,Wed Nov 26 22:22:02 +0000 2014,Twitter for iPhone
Mon Apr 20 20:30:05 +0000 2020,9024,[OilPrice],1252333738551361539,,,5913,4506,"<a href=\"http://twitter.com/download/android\" rel=\"nofollow\">Twitter for Android</a>",430018722,935,690,Tue Dec 06 17:29:41 +0000 2011,Twitter for Android
Mon Apr 20 20:30:05 +0000 2020,5143,[],1252333741009240065,,,1433,6291,"<a href=\"https://mobile.twitter.com\" rel=\"nofollow\">Twitter Web App</a>",1220894500043853826,2213,2296,Sat Jan 25 02:22:02 +0000 2020,Twitter Web App
Mon Apr 20 20:30:08 +0000 2020,9298,[],1252333751163641857,,,6962,1910,"<a href=\"http://twitter.com/download/android\" rel=\"nofollow\">Twitter for Android</a>",1104736156527128576,335,375,Sun Mar 10 13:29:59 +0000 2019,Twitter for Android
Mon Apr 20 20:30:10 +0000 2020,8713,[],1252333761305378822,,,2868,1850,"<a href=\"http://twitter.com/download/iphone\" rel=\"nofollow\">Twitter for iPhone</a>",298670299,2698,928,Sat May 14 18:36:04 +0000 2011,Twitter for iPhone
Mon Apr 20 20:30:11 +0000 2020,4653,[],1252333767169056768,,,552,2162,"<a href=\"http://twitter.com/download/android\" rel=\"nofollow\">Twitter for Android</a>",118390986,23,93,Sun Feb 28 14:47:15 +0000 2010,Twitter for Android
Mon Apr 20 20:30:16 +0000 2020,2756,[],1252333785556742146,,,3815,5916,"<a href=\"http://twitter.com/#!/download/ipad\" rel=\"nofollow\">Twitter for iPad</a>",796792574,881,1136,Sat Sep 01 20:13:40 +0000 2012,Twitter for iPad
Mon Apr 20 20:30:16 +0000 2020,1906,[],1252333787855433730,,,1313,1260,"<a href=\"http://twitter.com/download/android\" rel=\"nofollow\">Twitter for Android</a>",165265660,215,232,Sun Jul 11 02:48:34 +0000 2010,Twitter for Android
Mon Apr 20 20:30:17 +0000 2020,5818,[],1252333789616967681,,,2306,2321,"<a href=\"http://twitter.com/download/iphone\" rel=\"nofollow\">Twitter for iPhone</a>",4874599733,700,2027,Wed Feb 03 19:06:50 +0000 2016,Twitter for iPhone
Mon Apr 20 20:30:23 +0000 2020,9896,[],1252333813943996416,,,5297,4468,"<a href=\"https://mobile.twitter.com\" rel=\"nofollow\">Twitter Web App</a>",18570470,1831,1155,Sat Jan 03 02:11:39 +0000 2009,Twitter Web App
Mon Apr 20 20:30:24 +0000 2020,5216,[],1252333818146549760,,,7330,9667,"<a href=\"https://mobile.twitter.com\" rel=\"nofollow\">Twitter Web App</a>",1219375665595613185,2,3,Mon Jan 20 21:46:40 +0000 2020,Twitter Web App
Mon Apr 20 20:30:24 +0000 2020,2833,[],1252333821619507201,,,4431,8588,"<a href=\"http://twitter.com/download/iphone\" rel=\"nofollow\">Twitter for iPhone</a>",1246888142084415490,1482,1472,Sun Apr 05 19:51:36 +0000 2020,Twitter for iPhone
Mon Apr 20 20:30:25 +0000 2020,7228,[],1252333822131277825,,,2782,5784,"<a href=\"http://twitter.com/download/android\" rel=\"nofollow\">Twitter for Android</a>",2172206788,1503,1899,Thu Nov 07 15:00:08 +0000 2013,Twitter for Android
Mon Apr 20 20:30:25 +0000 2020,5302,[],1252333824492650497,,,4271,1492,"<a href=\"http://twitter.com/download/android\" rel=\"nofollow\">Twitter for Android</a>",2478221347,123,746,Mon May 05 11:19:13 +0000 2014,Twitter for Android
Mon Apr 20 20:30:27 +0000 2020,186,[],1252333831421599750,,,5281,2867,"<a href=\"http://twitter.com/download/iphone\" rel=\"nofollow\">Twitter for iPhone</a>",19905732,887,853,Mon Feb 02 13:20:51 +0000 2009,Twitter for iPhone
Mon Apr 20 20:30:28 +0000 2020,6024,[],1252333836752560131,,,30,6784,"<a href=\"https://mobile.twitter.com\" rel=\"nofollow\">Twitter Web App</a>",1117492484320497666,19,21,Sun Apr 14 18:19:05 +0000 2019,Twitter Web App
Mon Apr 20 20:30:29 +0000 2020,770,[],1252333839311081472,,,3854,2616,"<a href=\"http://twitter.com/download/android\" rel=\"nofollow\">Twitter for Android</a>",1151266963592794113,30,494,Tue Jul 16 23:06:48 +0000 2019,Twitter for Android
Mon Apr 20 20:30:32 +0000 2020,7901,[],1252333854452584454,,,4802,6852,"<a href=\"http://twitter.com/download/android\" rel=\"nofollow\">Twitter for Android</a>",1274599584,1036,1929,Sun Mar 17 10:20:26 +0000 2013,Twitter for Android
Mon Apr 20 20:30:38 +0000 2020,9369,[],1252333878699651072,,,7783,6839,"<a href=\"http://twitter.com/download/iphone\" rel=\"nofollow\">Twitter for iPhone</a>",977253370619678720,67,115,Fri Mar 23 18:38:54 +0000 2018,Twitter for iPhone
Mon Apr 20 20:30:40 +0000 2020,7205,[],1252333886761287683,,,2556,7395,"<a href=\"http://twitter.com/download/iphone\" rel=\"nofollow\">Twitter for iPhone</a>",186246467,349,422,Thu Sep 02 23:22:27 +0000 2010,Twitter for iPhone
Mon Apr 20 20:30:40 +0000 2020,4087,[],1252333888665509888,,,3791,9941,"<a href=\"http://twitter.com/download/iphone\" rel=\"nofollow\">Twitter for iPhone</a>",1854825140,27,186,Wed Sep 11 16:33:18 +0000 2013,Twitter for iPhone
Mon Apr 20 20:30:41 +0000 2020,6872,[],1252333889848258560,,,4461,2607,"<a href=\"http://twitter.com/download/iphone\" rel=\"nofollow\">Twitter for iPhone</a>",823670757385334784,424,263,Mon Jan 23 23:16:26 +0000 2017,Twitter for iPhone
Mon Apr 20 20:30:41 +0000 2020,9576,[],1252333891622502400,1252327491865321473,1222673964419485696,6263,6356,"<a href=\"http://twitter.com/download/iphone\" rel=\"nofollow\">Twitter for iPhone</a>",966287464087334912,3726,4997,Wed Feb 21 12:24:19 +0000 2018,Twitter for iPhone
Mon Apr 20 20:30:45 +0000 2020,7099,[],1252333908378693632,,,802,3694,"<a href=\"http://twitter.com/download/android\" rel=\"nofollow\">Twitter for Android</a>",920017255814983680,6697,6220,Mon Oct 16 20:03:01 +0000 2017,Twitter for Android
Mon Apr 20 20:30:49 +0000 2020,5177,[],1252333925805875203,,,4725,1651,"<a href=\"http://twitter.com/download/android\" rel=\"nofollow\">Twitter for Android</a>",895316355532165121,5,117,Wed Aug 09 16:10:28 +0000 2017,Twitter for Android
Mon Apr 20 20:30:50 +0000 2020,1981,[],1252333930117660678,,,7522,5338,"<a href=\"http://twitter.com/download/iphone\" rel=\"nofollow\">Twitter for iPhone</a>",1142837533300027392,76,180,Sun Jun 23 16:51:15 +0000 2019,Twitter for iPhone
Mon Apr 20 20:30:53 +0000 2020,5339,[OilPrice],1252333940901363712,,,8538,4005,"<a href=\"https://mobile.twitter.com\" rel=\"nofollow\">Twitter Web App</a>",879610181759508480,56,264,Tue Jun 27 07:59:44 +0000 2017,Twitter Web App
Mon Apr 20 20:30:56 +0000 2020,2455,[],1252333954138615810,,,5893,2651,"<a href=\"http://twitter.com/download/iphone\" rel=\"nofollow\">Twitter for iPhone</a>",17415011,37633,8521,Sat Nov 15 23:50:22 +0000 2008,Twitter for iPhone
Mon Apr 20 20:30:59 +0000 2020,3433,[],1252333965513547777,,,4378,6145,"<a href=\"http://twitter.com/download/iphone\" rel=\"nofollow\">Twitter for iPhone</a>",336594486,1590,593,Sat Jul 16 15:25:57 +0000 2011,Twitter for iPhone
Mon Apr 20 20:30:59 +0000 2020,341,[],1252333968445374472,,,1454,8202,"<a href=\"http://twitter.com/download/android\" rel=\"nofollow\">Twitter for Android</a>",1250913680159576064,91,10,Thu Apr 16 22:28:07 +0000 2020,Twitter for Android
Mon Apr 20 20:31:04 +0000 2020,5078,[],1252333985771991041,,,2656,4174,"<a href=\"http://twitter.com/download/android\" rel=\"nofollow\">Twitter for Android</a>",1227231483510870016,86,283,Tue Feb 11 14:03:07 +0000 2020,Twitter for Android
Mon Apr 20 20:31:04 +0000 2020,3903,[],1252333987655286784,1252317911387189263,534809638,8842,4339,"<a href=\"http://twitter.com/download/iphone\" rel=\"nofollow\">Twitter for iPhone</a>",434853283,848,684,Mon Dec 12 11:46:57 +0000 2011,Twitter for iPhone
Mon Apr 20 20:31:04 +0000 2020,6715,[],1252333989517541378,,,2343,295,"<a href=\"http://twitter.com/download/iphone\" rel=\"nofollow\">Twitter for iPhone</a>",1042744417839394817,14568,12327,Thu Sep 20 11:56:57 +0000 2018,Twitter for iPhone
Mon Apr 20 20:31:06 +0000 2020,8542,[OilPrice],1252333995959840778,,,5330,9307,"<a href=\"http://twitter.com/download/android\" rel=\"nofollow\">Twitter for Android</a>",941219513906880512,77,114,Thu Dec 14 08:13:13 +0000 2017,Twitter for Android
Mon Apr 20 20:31:07 +0000 2020,2374,[],1252333997990064128,1252333000424951810,960135475146059776,9959,1583,"<a href=\"https://mobile.twitter.com\" rel=\"nofollow\">Twitter Web App</a>",2769954301,36,83,Tue Aug 26 13:15:34 +0000 2014,Twitter Web App
Mon Apr 20 20:31:09 +0000 2020,8723,[],1252334010111594496,,,8150,8176,"<a href=\"http://twitter.com/download/android\" rel=\"nofollow\">Twitter for Android</a>",223607477,1286,1445,Mon Dec 06 21:15:39 +0000 2010,Twitter for Android
Mon Apr 20 20:31:13 +0000 2020,9540,[],1252334026872012800,,,4050,773,"<a href=\"http://twitter.com/download/android\" rel=\"nofollow\">Twitter for Android</a>",2542341857,53,212,Mon May 12 03:37:59 +0000 2014,Twitter for Android
Mon Apr 20 20:31:16 +0000 2020,4196,[],1252334036376268803,,,8194,8926,"<a href=\"http://twitter.com/download/iphone\" rel=\"nofollow\">Twitter for iPhone</a>",148418070,246,508,Wed May 26 17:02:01 +0000 2010,Twitter for iPhone
Mon Apr 20 20:31:17 +0000 2020,2670,[],1252334040113446912,,,6007,2884,"<a href=\"http://twitter.com/download/iphone\" rel=\"nofollow\">Twitter for iPhone</a>",557305011,841,882,Wed Apr 18 21:13:07 +0000 2012,Twitter for iPhone
Mon Apr 20 20:31:19 +0000 2020,7958,[],1252334049965879296,,,2981,5276,"<a href=\"http://twitter.com/download/iphone\" rel=\"nofollow\">Twitter for iPhone</a>",1152235047996612608,367,382,Fri Jul 19 15:13:37 +0000 2019,Twitter for iPhone
Mon Apr 20 20:31:20 +0000 2020,113,[],1252334053518454784,,,2468,6218,"<a href=\"http://twitter.com/download/android\" rel=\"nofollow\">Twitter for Android</a>",799317093913137152,3932,3975,Thu Nov 17 18:23:40 +0000 2016,Twitter for Android
Mon Apr 20 20:31:20 +0000 2020,1534,[],1252334055493779462,1252163296955731968,2973848287,4739,7538,"<a href=\"https://mobile.twitter.com\" rel=\"nofollow\">Twitter Web App</a>",283479544,148,295,Sun Apr 17 11:09:07 +0000 2011,Twitter Web App
Mon Apr 20 20:31:21 +0000 2020,8477,[],1252334057360445441,,,3807,365,"<a href=\"http://twitter.com/download/iphone\" rel=\"nofollow\">Twitter for iPhone</a>",198554532,530,464,Mon Oct 04 16:35:13 +0000 2010,Twitter for iPhone
Mon Apr 20 20:31:26 +0000 2020,231,[],1252334081062383616,,,1603,9229,"<a href=\"http://twitter.com/download/android\" rel=\"nofollow\">Twitter for Android</a>",805528077753286656,3085,3463,Sun Dec 04 21:43:54 +0000 2016,Twitter for Android
Mon Apr 20 20:31:27 +0000 2020,8464,[],1252334084296257536,,,8840,4061,"<a href=\"http://twitter.com/download/iphone\" rel=\"nofollow\">Twitter for iPhone</a>",602730123,207,346,Fri Jun 08 10:32:39 +0000 2012,Twitter for iPhone
Mon Apr 20 20:31:28 +0000 2020,7556,[],1252334089555922944,,,5245,9566,"<a href=\"http://twitter.com/download/android\" rel=\"nofollow\">Twitter for Android</a>",3576581537,265,121,Mon Sep 07 11:54:21 +0000 2015,Twitter for Android
Mon Apr 20 20:31:29 +0000 2020,3015,[],1252334092726743040,1252309249579012103,3293406121,2116,4960,"<a href=\"https://mobile.twitter.com\" rel=\"nofollow\">Twitter Web App</a>",1250880167662309378,8650,58,Thu Apr 16 20:14:21 +0000 2020,Twitter Web App
Mon Apr 20 20:31:29 +0000 2020,2354,[],1252334094072991754,,,4875,6981,"<a href=\"http://twitter.com/download/android\" rel=\"nofollow\">Twitter for Android</a>",911212148,1593,4987,Sun Oct 28 22:12:56 +0000 2012,Twitter for Android
Mon Apr 20 20:31:30 +0000 2020,3588,[],1252334097583742981,,,3052,9600,"<a href=\"http://twitter.com/download/iphone\" rel=\"nofollow\">Twitter for iPhone</a>",3243353399,53,97,Sat May 09 12:26:11 +0000 2015,Twitter for iPhone
Mon Apr 20 20:31:31 +0000 2020,4702,[],1252334101031518208,,,1969,1823,"<a href=\"http://twitter.com/download/android\" rel=\"nofollow\">Twitter for Android</a>",1009510182,225,276,Thu Dec 13 19:10:17 +0000 2012,Twitter for Android
Mon Apr 20 20:31:38 +0000 2020,291,[],1252334131670847489,,,506,8942,"<a href=\"http://twitter.com/download/iphone\" rel=\"nofollow\">Twitter for iPhone</a>",369386734,7366,7961,Wed Sep 07 08:19:49 +0000 2011,Twitter for iPhone
Mon Apr 20 20:31:41 +0000 2020,8655,"[Israeli, Iran, Corona]",1252334141749821440,,,638,8350,"<a href=\"http://twitter.com/#!/download/ipad\" rel=\"nofollow\">Twitter for iPad</a>",1184882383,1383,1779,Sat Feb 16 06:28:32 +0000 2013,Twitter for iPad
Mon Apr 20 20:31:42 +0000 2020,7998,[OilPrice],1252334144996159490,,,1953,9895,"<a href=\"http://twitter.com/download/android\" rel=\"nofollow\">Twitter for Android</a>",773861269556367360,1682,1643,Thu Sep 08 12:31:19 +0000 2016,Twitter for Android
Mon Apr 20 20:31:42 +0000 2020,8611,[],1252334146250248192,,,5817,2017,"<a href=\"https://about.twitter.com/products/tweetdeck\" rel=\"nofollow\">TweetDeck</a>",1248550907014455297,49,60,Fri Apr 10 09:58:36 +0000 2020,TweetDeck
Mon Apr 20 20:31:46 +0000 2020,2014,[],1252334164642127872,1251261513995706368,1161833418679705602,5617,2085,"<a href=\"https://mobile.twitter.com\" rel=\"nofollow\">Twitter Web App</a>",1252331898229014528,4375,1,Mon Apr 20 20:22:59 +0000 2020,Twitter Web App
Mon Apr 20 20:31:47 +0000 2020,4355,[],1252334169243320321,1251939312742076416,41814169,6817,3489,"<a href=\"https://mobile.twitter.com\" rel=\"nofollow\">Twitter Web App</a>",459014457,4,246,Mon Jan 09 05:53:03 +0000 2012,Twitter Web App
Mon Apr 20 20:31:49 +0000 2020,2510,[],1252334174238883841,,,3579,8340,"<a href=\"http://twitter.com/download/iphone\" rel=\"nofollow\">Twitter for iPhone</a>",2172219209,1021,616,Thu Nov 07 15:15:03 +0000 2013,Twitter for iPhone
Mon Apr 20 20:32:00 +0000 2020,4174,[],1252334220850184192,,,2220,8021,"<a href=\"http://twitter.com/download/android\" rel=\"nofollow\">Twitter for Android</a>",2173085439,1432,2122,Fri Nov 08 08:28:49 +0000 2013,Twitter for Android
Mon Apr 20 20:32:01 +0000 2020,9784,[],1252334228165013504,,,7781,3532,"<a href=\"http://twitter.com/download/iphone\" rel=\"nofollow\">Twitter for iPhone</a>",1602436717,9447,9730,Thu Jul 18 03:01:21 +0000 2013,Twitter for iPhone
Mon Apr 20 20:32:00 +0000 2020,3465,[],1252334224352346113,,,4262,5944,"<a href=\"http://twitter.com/download/iphone\" rel=\"nofollow\">Twitter for iPhone</a>",137498522,1020,3573,Mon Apr 26 23:00:39 +0000 2010,Twitter for iPhone
Mon Apr 20 20:32:03 +0000 2020,8143,[],1252334235551240193,,,2757,523,"<a href=\"http://twitter.com/download/android\" rel=\"nofollow\">Twitter for Android</a>",815959565401542656,2145,3320,Mon Jan 02 16:34:54 +0000 2017,Twitter for Android
Mon Apr 20 20:32:04 +0000 2020,3175,[],1252334238113968133,,,2362,3952,"<a href=\"http://twitter.com/download/iphone\" rel=\"nofollow\">Twitter for iPhone</a>",1045493662531158016,254,437,Fri Sep 28 02:01:28 +0000 2018,Twitter for iPhone
Mon Apr 20 20:32:04 +0000 2020,478,"[corona, brexit]",1252334239598682113,,,7241,3297,"<a href=\"http://twitter.com/download/android\" rel=\"nofollow\">Twitter for Android</a>",295596050,22,80,Mon May 09 10:07:49 +0000 2011,Twitter for Android
Mon Apr 20 20:32:13 +0000 2020,5312,[],1252334278874222597,,,2442,3341,"<a href=\"http://twitter.com/download/iphone\" rel=\"nofollow\">Twitter for iPhone</a>",39977608,91,424,Thu May 14 11:52:31 +0000 2009,Twitter for iPhone
Mon Apr 20 20:32:14 +0000 2020,706,[],1252334281088630785,,,767,591,"<a href=\"http://twitter.com/download/android\" rel=\"nofollow\">Twitter for Android</a>",911212148,1593,4987,Sun Oct 28 22:12:56 +0000 2012,Twitter for Android
Mon Apr 20 20:32:16 +0000 2020,3677,[],1252334288483295240,,,5817,9565,"<a href=\"https://bytraject.com/software/social/\" rel=\"nofollow\">Traject Social</a>",2324583630,6223,5168,Mon Feb 03 01:13:33 +0000 2014,Traject Social
Mon Apr 20 20:32:16 +0000 2020,8238,[],1252334291104694272,,,5517,2472,"<a href=\"http://twitter.com/download/android\" rel=\"nofollow\">Twitter for Android</a>",3438963513,776,5001,Tue Aug 25 10:43:29 +0000 2015,Twitter for Android
Mon Apr 20 20:32:17 +0000 2020,6557,[],1252334295571738625,,,2727,5144,"<a href=\"http://publicize.wp.com/\" rel=\"nofollow\">WordPress.com</a>",1221322841569628160,66,2,Sun Jan 26 06:44:04 +0000 2020,WordPress.com
Mon Apr 20 20:32:20 +0000 2020,5624,[],1252334306346795010,1252320556097077250,1106909550,1605,867,"<a href=\"http://twitter.com/download/android\" rel=\"nofollow\">Twitter for Android</a>",2329911080,76,189,Thu Feb 06 07:56:40 +0000 2014,Twitter for Android
Mon Apr 20 20:32:22 +0000 2020,9648,[],1252334313401540608,1252085067071062017,1334584795,3925,609,"<a href=\"http://twitter.com/download/android\" rel=\"nofollow\">Twitter for Android</a>",4796788572,185,368,Fri Jan 22 06:07:44 +0000 2016,Twitter for Android
Mon Apr 20 20:32:24 +0000 2020,6560,[CoronaCrisis],1252334323757469701,,,1060,1947,"<a href=\"https://mobile.twitter.com\" rel=\"nofollow\">Twitter Web App</a>",133428481,1112,2111,Thu Apr 15 19:27:57 +0000 2010,Twitter Web App
Mon Apr 20 20:32:26 +0000 2020,6280,[],1252334330774540292,,,8101,6600,"<a href=\"http://twitter.com/download/iphone\" rel=\"nofollow\">Twitter for iPhone</a>",749430738,442,408,Fri Aug 10 14:15:18 +0000 2012,Twitter for iPhone
Mon Apr 20 20:32:26 +0000 2020,3783,[طبق_القدرات_للثانويه_ياريس],1252334332108312576,,,1093,7171,"<a href=\"http://twitter.com/download/android\" rel=\"nofollow\">Twitter for Android</a>",1248730177519132672,3,1,Fri Apr 10 21:51:02 +0000 2020,Twitter for Android
Mon Apr 20 20:32:27 +0000 2020,4196,[],1252334336961110017,,,164,4312,"<a href=\"https://mobile.twitter.com\" rel=\"nofollow\">Twitter Web App</a>",19733280,919,2320,Thu Jan 29 20:48:07 +0000 2009,Twitter Web App
Mon Apr 20 20:32:27 +0000 2020,1112,[],1252334336952729605,,,4229,2627,"<a href=\"http://twitter.com/download/android\" rel=\"nofollow\">Twitter for Android</a>",2535004392,253,235,Fri May 30 12:50:54 +0000 2014,Twitter for Android
Mon Apr 20 20:32:28 +0000 2020,416,[],1252334337967734787,,,1709,8079,"<a href=\"http://twitter.com/download/iphone\" rel=\"nofollow\">Twitter for iPhone</a>",446151322,1458,384,Sun Dec 25 10:52:30 +0000 2011,Twitter for iPhone
Mon Apr 20 20:32:29 +0000 2020,8686,[],1252334343080628225,,,6483,3795,"<a href=\"https://mobile.twitter.com\" rel=\"nofollow\">Twitter Web App</a>",20843212,19,103,Sat Feb 14 11:54:55 +0000 2009,Twitter Web App
Mon Apr 20 20:32:29 +0000 2020,8110,"[stayhome, staysafe]",1252334343080628224,,,9531,3802,"<a href=\"http://twitter.com/download/android\" rel=\"nofollow\">Twitter for Android</a>",3350951026,1214,1389,Mon Jun 29 16:24:13 +0000 2015,Twitter for Android
Mon Apr 20 20:32:34 +0000 2020,4693,[],1252334363699798018,,,2286,9819,"<a href=\"https://mobile.twitter.com\" rel=\"nofollow\">Twitter Web App</a>",1228995504652115970,644,1026,Sun Feb 16 10:53:17 +0000 2020,Twitter Web App
Mon Apr 20 20:32:35 +0000 2020,7746,[],1252334367550197762,,405427035,7939,9419,"<a href=\"https://mobile.twitter.com\" rel=\"nofollow\">Twitter Web App</a>",268879166,5,69,Sat Mar 19 17:14:04 +0000 2011,Twitter Web App
Mon Apr 20 20:32:35 +0000 2020,5848,[],1252334370771402755,,347368618,9470,7005,"<a href=\"https://mobile.twitter.com\" rel=\"nofollow\">Twitter Web App</a>",730177765492695042,2463,3032,Tue May 10 23:28:40 +0000 2016,Twitter Web App
Mon Apr 20 20:32:36 +0000 2020,8925,[],1252334372226621440,,,4602,3316,"<a href=\"https://mobile.twitter.com\" rel=\"nofollow\">Twitter Web App</a>",799034732419760129,3567,4991,Wed Nov 16 23:41:40 +0000 2016,Twitter Web App
Mon Apr 20 20:32:37 +0000 2020,5941,[],1252334378656677891,,1080894931311431682,7827,5482,"<a href=\"http://twitter.com/download/iphone\" rel=\"nofollow\">Twitter for iPhone</a>",525893754,4061,1456,Fri Mar 16 00:45:23 +0000 2012,Twitter for iPhone
Mon Apr 20 20:32:39 +0000 2020,1361,"[طبق_القدرات_للثانويه_ياريس, طبق_القدرات_للثانويه_ياريس]",1252334384008425472,,,1469,8894,"<a href=\"https://mobile.twitter.com\" rel=\"nofollow\">Twitter Web App</a>",925853963706142720,3749,3772,Wed Nov 01 22:36:01 +0000 2017,Twitter Web App
Mon Apr 20 20:32:43 +0000 2020,8224,[],1252334400752287744,,,4516,7159,"<a href=\"http://twitter.com/download/iphone\" rel=\"nofollow\">Twitter for iPhone</a>",838514535875117058,2848,2228,Sun Mar 05 22:20:19 +0000 2017,Twitter for iPhone
Mon Apr 20 20:32:43 +0000 2020,9760,"[NowReading, COVIDー19]",1252334403776319488,,,6411,276,"<a href=\"http://twitter.com/download/iphone\" rel=\"nofollow\">Twitter for iPhone</a>",1201298557,297,361,Wed Feb 20 14:47:47 +0000 2013,Twitter for iPhone
Mon Apr 20 20:32:46 +0000 2020,7898,[],1252334413922394112,1252301673336385538,1190622791722295297,5419,7369,"<a href=\"http://twitter.com/download/iphone\" rel=\"nofollow\">Twitter for iPhone</a>",1181549310418313218,368,282,Tue Oct 08 12:38:10 +0000 2019,Twitter for iPhone
Mon Apr 20 20:32:49 +0000 2020,1920,[],1252334428988141568,,,7971,5087,"<a href=\"https://mobile.twitter.com\" rel=\"nofollow\">Twitter Web App</a>",838403250713812992,11,53,Sun Mar 05 14:58:06 +0000 2017,Twitter Web App
Mon Apr 20 20:32:50 +0000 2020,5940,[OilPrice],1252334430737186821,,,6060,406,"<a href=\"http://twitter.com/download/android\" rel=\"nofollow\">Twitter for Android</a>",99938573,202,532,Mon Dec 28 12:37:39 +0000 2009,Twitter for Android
Mon Apr 20 20:32:51 +0000 2020,4431,[],1252334434243809281,1252230901733322753,1107273416971714560,6239,7678,"<a href=\"http://twitter.com/download/android\" rel=\"nofollow\">Twitter for Android</a>",1236314760385310723,29,240,Sat Mar 07 15:36:40 +0000 2020,Twitter for Android
Mon Apr 20 20:32:52 +0000 2020,3590,[],1252334439457329154,,,4849,56,"<a href=\"http://twitter.com/download/iphone\" rel=\"nofollow\">Twitter for iPhone</a>",2295717954,121,600,Fri Jan 17 08:03:43 +0000 2014,Twitter for iPhone
Mon Apr 20 20:32:52 +0000 2020,4111,[],1252334439008526337,,,4590,1286,"<a href=\"https://mobile.twitter.com\" rel=\"nofollow\">Twitter Web App</a>",733560083544576000,409,516,Fri May 20 07:28:47 +0000 2016,Twitter Web App
Mon Apr 20 20:32:59 +0000 2020,1388,[],1252334471069736960,,,8251,3549,"<a href=\"http://twitter.com/download/android\" rel=\"nofollow\">Twitter for Android</a>",962819289538613249,262,3209,Sun Feb 11 22:43:01 +0000 2018,Twitter for Android
Mon Apr 20 20:33:00 +0000 2020,1465,[],1252334473204494336,1251627745299304450,33412179,5139,6630,"<a href=\"https://mobile.twitter.com\" rel=\"nofollow\">Twitter Web App</a>",542291870,6834,6190,Sun Apr 01 06:12:36 +0000 2012,Twitter Web App
Mon Apr 20 20:33:00 +0000 2020,5153,[CoronaCrisis],1252334474181967873,,,647,8680,"<a href=\"https://mobile.twitter.com\" rel=\"nofollow\">Twitter Web App</a>",428949742,711,228,Mon Dec 05 11:14:50 +0000 2011,Twitter Web App
Mon Apr 20 20:33:01 +0000 2020,94,[],1252334476610371585,,,5731,1953,"<a href=\"http://twitter.com/download/iphone\" rel=\"nofollow\">Twitter for iPhone</a>",269379665,1679,663,Sun Mar 20 17:16:32 +0000 2011,Twitter for iPhone
Mon Apr 20 20:33:02 +0000 2020,3665,[],1252334482268585995,1252328312405471243,755548544967315456,8506,1099,"<a href=\"http://twitter.com/download/android\" rel=\"nofollow\">Twitter for Android</a>",1177242213312585728,216,266,Thu Sep 26 15:24:46 +0000 2019,Twitter for Android
Mon Apr 20 20:33:05 +0000 2020,1359,[],1252334493068713984,,,6370,7261,"<a href=\"http://twitter.com/download/iphone\" rel=\"nofollow\">Twitter for iPhone</a>",875838196671684608,846,970,Fri Jun 16 22:11:13 +0000 2017,Twitter for iPhone
Mon Apr 20 20:33:05 +0000 2020,7312,[],1252334493354135556,,,2945,2704,"<a href=\"http://twitter.com/download/iphone\" rel=\"nofollow\">Twitter for iPhone</a>",175126116,1610,2705,Thu Aug 05 18:15:42 +0000 2010,Twitter for iPhone
Mon Apr 20 20:33:11 +0000 2020,9550,[],1252334521871024128,,,3033,7318,"<a href=\"https://mobile.twitter.com\" rel=\"nofollow\">Twitter Web App</a>",45056461,3167,5002,Sat Jun 06 01:54:44 +0000 2009,Twitter Web App
Mon Apr 20 20:33:17 +0000 2020,6886,[],1252334545778556928,,25073877,5721,9603,"<a href=\"http://twitter.com/download/android\" rel=\"nofollow\">Twitter for Android</a>",311959803,16,118,Mon Jun 06 10:50:30 +0000 2011,Twitter for Android
Mon Apr 20 20:33:22 +0000 2020,7601,[],1252334567358369798,,,2918,4802,"<a href=\"http://twitter.com/download/iphone\" rel=\"nofollow\">Twitter for iPhone</a>",574719306,513,183,Tue May 08 17:16:42 +0000 2012,Twitter for iPhone
Mon Apr 20 20:33:23 +0000 2020,6190,[],1252334571577905153,,,3513,4386,"<a href=\"http://twitter.com/#!/download/ipad\" rel=\"nofollow\">Twitter for iPad</a>",225253030,5962,5820,Sat Dec 11 03:22:09 +0000 2010,Twitter for iPad
Mon Apr 20 20:33:24 +0000 2020,8421,[OilPrice],1252334574220333057,,,4635,7732,"<a href=\"http://twitter.com/download/iphone\" rel=\"nofollow\">Twitter for iPhone</a>",916783074502995968,148,354,Sat Oct 07 21:51:32 +0000 2017,Twitter for iPhone
Mon Apr 20 20:33:25 +0000 2020,3621,[],1252334578322362369,,,5803,9110,"<a href=\"http://twitter.com/download/iphone\" rel=\"nofollow\">Twitter for iPhone</a>",1001838508376559617,66,119,Wed May 30 14:51:28 +0000 2018,Twitter for iPhone
Mon Apr 20 20:33:27 +0000 2020,4658,[],1252334585272315904,,,5043,1332,"<a href=\"http://twitter.com/download/iphone\" rel=\"nofollow\">Twitter for iPhone</a>",1251252055446077444,23,197,Fri Apr 17 20:52:01 +0000 2020,Twitter for iPhone
Mon Apr 20 20:33:27 +0000 2020,7305,[],1252334588485042179,,,9776,3177,"<a href=\"http://twitter.com/download/android\" rel=\"nofollow\">Twitter for Android</a>",1106503521183109120,13,97,Fri Mar 15 10:32:52 +0000 2019,Twitter for Android
Mon Apr 20 20:33:29 +0000 2020,5761,[],1252334594340401153,,,6170,8386,"<a href=\"http://twitter.com/download/iphone\" rel=\"nofollow\">Twitter for iPhone</a>",836356063171575808,501,513,Mon Feb 27 23:23:19 +0000 2017,Twitter for iPhone
Mon Apr 20 20:33:35 +0000 2020,1505,[طبق_القدرات_للثانويه_ياريس],1252334620097613824,,,8617,8154,"<a href=\"http://twitter.com/download/android\" rel=\"nofollow\">Twitter for Android</a>",1251909220297060365,9,8,Sun Apr 19 16:23:35 +0000 2020,Twitter for Android
Mon Apr 20 20:33:36 +0000 2020,9078,[],1252334625793421312,,,7869,3052,"<a href=\"http://twitter.com/download/android\" rel=\"nofollow\">Twitter for Android</a>",52421385,333,821,Tue Jun 30 15:17:50 +0000 2009,Twitter for Android
Mon Apr 20 20:33:37 +0000 2020,4155,[],1252334628939202561,,2433459918,9526,7019,"<a href=\"http://twitter.com/download/android\" rel=\"nofollow\">Twitter for Android</a>",242551368,960,2717,Tue Jan 25 01:37:05 +0000 2011,Twitter for Android
Mon Apr 20 20:33:38 +0000 2020,3221,[],1252334631396864000,,,2559,4202,"<a href=\"http://twitter.com/#!/download/ipad\" rel=\"nofollow\">Twitter for iPad</a>",4481861534,86,281,Mon Dec 07 03:33:49 +0000 2015,Twitter for iPad
Mon Apr 20 20:33:40 +0000 2020,1282,[],1252334640817475585,,,2008,906,"<a href=\"http://twitter.com/download/iphone\" rel=\"nofollow\">Twitter for iPhone</a>",2856275046,682,654,Wed Oct 15 04:44:30 +0000 2014,Twitter for iPhone
Mon Apr 20 20:33:40 +0000 2020,7600,[],1252334642197381120,1252244769415323648,1228329859031666688,3871,6614,"<a href=\"http://twitter.com/download/iphone\" rel=\"nofollow\">Twitter for iPhone</a>",966287464087334912,3726,4997,Wed Feb 21 12:24:19 +0000 2018,Twitter for iPhone
Mon Apr 20 20:33:43 +0000 2020,9049,[],1252334656235671555,1252334324340469761,958964739559878656,1929,7029,"<a href=\"http://twitter.com/download/android\" rel=\"nofollow\">Twitter for Android</a>",1219375344291139584,827,790,Mon Jan 20 21:45:27 +0000 2020,Twitter for Android
Mon Apr 20 20:33:43 +0000 2020,9697,[],1252334656294391811,,,3762,2238,"<a href=\"http://twitter.com/download/iphone\" rel=\"nofollow\">Twitter for iPhone</a>",211300986,1516,1740,Tue Nov 02 21:48:31 +0000 2010,Twitter for iPhone
Mon Apr 20 20:33:45 +0000 2020,5950,[RwOT],1252334664343269378,,,6886,2663,"<a href=\"http://twitter.com/download/android\" rel=\"nofollow\">Twitter for Android</a>",627346295,442,318,Thu Jul 05 12:32:30 +0000 2012,Twitter for Android
Mon Apr 20 20:33:52 +0000 2020,5094,[],1252334690037649409,,,4023,2310,"<a href=\"http://twitter.com/#!/download/ipad\" rel=\"nofollow\">Twitter for iPad</a>",138648805,1148,829,Fri Apr 30 04:35:50 +0000 2010,Twitter for iPad
Mon Apr 20 20:33:54 +0000 2020,7543,[],1252334702280802316,1252294694509465600,42261228,5185,2320,"<a href=\"https://mobile.twitter.com\" rel=\"nofollow\">Twitter Web App</a>",62693727,6947,2223,Tue Aug 04 02:30:11 +0000 2009,Twitter Web App
Mon Apr 20 20:33:57 +0000 2020,9395,[OilPrice],1252334711369842689,,,9042,4843,"<a href=\"http://twitter.com/download/iphone\" rel=\"nofollow\">Twitter for iPhone</a>",1248713392631808000,318,371,Fri Apr 10 20:44:17 +0000 2020,Twitter for iPhone
Mon Apr 20 20:33:57 +0000 2020,4809,[],1252334711504019456,,,2829,2754,"<a href=\"http://twitter.com/download/iphone\" rel=\"nofollow\">Twitter for iPhone</a>",1213579744614043648,40,282,Sat Jan 04 21:56:09 +0000 2020,Twitter for iPhone
Mon Apr 20 20:33:57 +0000 2020,6285,[MachakosOnCovid19],1252334711936090115,,,19,8927,"<a href=\"http://twitter.com/download/android\" rel=\"nofollow\">Twitter for Android</a>",200091874,435,1303,Fri Oct 08 12:40:18 +0000 2010,Twitter for Android
Mon Apr 20 20:33:57 +0000 2020,6364,[MachakosOnCovid19],1252334711936090115,,,5990,756,"<a href=\"http://twitter.com/download/android\" rel=\"nofollow\">Twitter for Android</a>",200091874,435,1303,Fri Oct 08 12:40:18 +0000 2010,Twitter for Android
Mon Apr 20 20:34:00 +0000 2020,6299,"[Health, Corona]",1252334725496274951,,,2083,5292,"<a href=\"http://twitter.com/download/iphone\" rel=\"nofollow\">Twitter for iPhone</a>",2352053220,644,892,Wed Feb 19 18:02:02 +0000 2014,Twitter for iPhone
Mon Apr 20 20:34:02 +0000 2020,1153,[],1252334732714610689,1252300725582876672,30042256,4539,4996,"<a href=\"http://twitter.com/download/android\" rel=\"nofollow\">Twitter for Android</a>",1148960741694697472,7,27,Wed Jul 10 14:22:42 +0000 2019,Twitter for Android
Mon Apr 20 20:34:05 +0000 2020,540,[],1252334746669105158,,,9777,9888,"<a href=\"http://twitter.com/download/android\" rel=\"nofollow\">Twitter for Android</a>",1208208112563429378,4,76,Sat Dec 21 02:10:53 +0000 2019,Twitter for Android
Mon Apr 20 20:34:06 +0000 2020,7997,[],1252334750527680512,,,911,5690,"<a href=\"http://twitter.com/download/iphone\" rel=\"nofollow\">Twitter for iPhone</a>",1247622611309223936,255,298,Tue Apr 07 20:29:54 +0000 2020,Twitter for iPhone
Mon Apr 20 20:34:08 +0000 2020,5204,[],1252334757880479744,,,6240,3792,"<a href=\"http://twitter.com/download/iphone\" rel=\"nofollow\">Twitter for iPhone</a>",941027380461735937,12,25,Wed Dec 13 19:29:45 +0000 2017,Twitter for iPhone
Mon Apr 20 20:34:08 +0000 2020,4451,[],1252334758346055681,,,4184,6341,"<a href=\"https://mobile.twitter.com\" rel=\"nofollow\">Twitter Web App</a>",1201179599151017985,66,245,Sun Dec 01 16:42:29 +0000 2019,Twitter Web App
Mon Apr 20 20:34:09 +0000 2020,3496,[],1252334765069553666,,,9214,9333,"<a href=\"http://twitter.com/download/iphone\" rel=\"nofollow\">Twitter for iPhone</a>",355254375,3474,2581,Mon Aug 15 02:22:38 +0000 2011,Twitter for iPhone
Mon Apr 20 20:34:10 +0000 2020,4328,[],1252334768626323458,,,7764,2472,"<a href=\"http://twitter.com/download/iphone\" rel=\"nofollow\">Twitter for iPhone</a>",1003026812358840320,79,333,Sat Jun 02 21:33:22 +0000 2018,Twitter for iPhone
Mon Apr 20 20:34:15 +0000 2020,8687,[],1252334788695842816,,,2349,9481,"<a href=\"http://twitter.com/#!/download/ipad\" rel=\"nofollow\">Twitter for iPad</a>",989939583432376320,2086,2610,Fri Apr 27 18:49:23 +0000 2018,Twitter for iPad
Mon Apr 20 20:34:16 +0000 2020,1808,[],1252334790940020736,,,5878,2016,"<a href=\"https://mobile.twitter.com\" rel=\"nofollow\">Twitter Web App</a>",234100611,1764,702,Tue Jan 04 21:13:30 +0000 2011,Twitter Web App
Mon Apr 20 20:34:16 +0000 2020,687,[],1252334792923897857,,,7622,7210,"<a href=\"http://twitter.com/download/iphone\" rel=\"nofollow\">Twitter for iPhone</a>",281447128,2211,983,Wed Apr 13 09:24:35 +0000 2011,Twitter for iPhone
Mon Apr 20 20:34:16 +0000 2020,1982,[],1252334793557237763,,,3401,3618,"<a href=\"https://mobile.twitter.com\" rel=\"nofollow\">Twitter Web App</a>",1141352946623492100,48345,51043,Wed Jun 19 14:32:02 +0000 2019,Twitter Web App
Mon Apr 20 20:34:17 +0000 2020,4570,[],1252334797076209665,,,420,1963,"<a href=\"http://twitter.com/#!/download/ipad\" rel=\"nofollow\">Twitter for iPad</a>",348948016,403,1325,Fri Aug 05 08:15:28 +0000 2011,Twitter for iPad
Mon Apr 20 20:34:20 +0000 2020,625,[OilPrice],1252334808744759297,,,2579,6221,"<a href=\"http://twitter.com/download/android\" rel=\"nofollow\">Twitter for Android</a>",185844864,1578,998,Wed Sep 01 23:53:00 +0000 2010,Twitter for Android
Mon Apr 20 20:34:26 +0000 2020,8011,[],1252334834518720512,,,6774,3124,"<a href=\"http://twitter.com/download/android\" rel=\"nofollow\">Twitter for Android</a>",564595030,4110,3969,Fri Apr 27 13:11:36 +0000 2012,Twitter for Android
Mon Apr 20 20:34:27 +0000 2020,2804,[],1252334839094599681,,,3972,9981,"<a href=\"http://twitter.com/download/iphone\" rel=\"nofollow\">Twitter for iPhone</a>",389397078,507,109,Wed Oct 12 10:45:22 +0000 2011,Twitter for iPhone
Mon Apr 20 20:34:28 +0000 2020,4190,[],1252334844958261250,,,6342,2710,"<a href=\"http://twitter.com/download/iphone\" rel=\"nofollow\">Twitter for iPhone</a>",552059150,821,1283,Thu Apr 12 18:17:21 +0000 2012,Twitter for iPhone
Mon Apr 20 20:34:28 +0000 2020,3980,[],1252334844991938560,,,7418,3814,"<a href=\"http://twitter.com/download/iphone\" rel=\"nofollow\">Twitter for iPhone</a>",2826547461,138,296,Mon Oct 13 00:54:40 +0000 2014,Twitter for iPhone
Mon Apr 20 20:34:29 +0000 2020,6357,[],1252334846765981697,,,7071,4725,"<a href=\"http://twitter.com/download/iphone\" rel=\"nofollow\">Twitter for iPhone</a>",1888822130,258,183,Sat Sep 21 04:05:44 +0000 2013,Twitter for iPhone
Mon Apr 20 20:34:29 +0000 2020,9676,[],1252334848594804736,,,5653,496,"<a href=\"http://twitter.com/download/android\" rel=\"nofollow\">Twitter for Android</a>",1043127738863955968,54,50,Fri Sep 21 13:20:08 +0000 2018,Twitter for Android
Mon Apr 20 20:34:32 +0000 2020,2119,[],1252334860670205953,,,9409,2767,"<a href=\"http://twitter.com/download/android\" rel=\"nofollow\">Twitter for Android</a>",1010270975261151233,7,113,Fri Jun 22 21:19:05 +0000 2018,Twitter for Android
Mon Apr 20 20:34:34 +0000 2020,895,[],1252334869499314177,1252331933616521216,2249550098,3635,1984,"<a href=\"http://twitter.com/download/android\" rel=\"nofollow\">Twitter for Android</a>",2471699887,1254,5001,Thu May 01 00:32:11 +0000 2014,Twitter for Android
Mon Apr 20 20:34:36 +0000 2020,3330,[],1252334875736248320,,,9017,1576,"<a href=\"http://twitter.com/download/android\" rel=\"nofollow\">Twitter for Android</a>",1126543786086141953,293,557,Thu May 09 17:45:43 +0000 2019,Twitter for Android
Mon Apr 20 20:34:37 +0000 2020,5482,[],1252334881553575937,,,1631,4861,"<a href=\"http://twitter.com/download/iphone\" rel=\"nofollow\">Twitter for iPhone</a>",4746398352,498,329,Tue Jan 12 04:37:18 +0000 2016,Twitter for iPhone
Mon Apr 20 20:34:40 +0000 2020,9914,[],1252334893297569792,,,1617,7163,"<a href=\"https://mobile.twitter.com\" rel=\"nofollow\">Twitter Web App</a>",27002963,8,16,Fri Mar 27 13:29:40 +0000 2009,Twitter Web App
Mon Apr 20 20:34:41 +0000 2020,9688,[],1252334897823268864,,25073877,4309,9327,"<a href=\"http://twitter.com/download/iphone\" rel=\"nofollow\">Twitter for iPhone</a>",1204442853255999488,1780,8,Tue Dec 10 16:49:00 +0000 2019,Twitter for iPhone
Mon Apr 20 20:34:41 +0000 2020,3363,[],1252334899421306881,,,5945,7279,"<a href=\"http://twitter.com/download/iphone\" rel=\"nofollow\">Twitter for iPhone</a>",303001181,655,800,Sun May 22 04:08:20 +0000 2011,Twitter for iPhone
Mon Apr 20 20:34:42 +0000 2020,577,[],1252334901732478976,,,516,1232,"<a href=\"http://twitter.com/download/android\" rel=\"nofollow\">Twitter for Android</a>",2507712041,142,120,Fri Apr 25 05:48:50 +0000 2014,Twitter for Android
Mon Apr 20 20:34:43 +0000 2020,7445,[],1252334906228817920,1252332115380838400,126026729,2391,8169,"<a href=\"http://twitter.com/download/iphone\" rel=\"nofollow\">Twitter for iPhone</a>",1083334212,193,590,Sat Jan 12 15:47:11 +0000 2013,Twitter for iPhone
Mon Apr 20 20:34:45 +0000 2020,4466,[],1252334913858285568,1250785918270812160,20109439,8031,4295,"<a href=\"http://twitter.com/download/iphone\" rel=\"nofollow\">Twitter for iPhone</a>",1248233871512141824,4905,15,Thu Apr 09 12:58:58 +0000 2020,Twitter for iPhone
Mon Apr 20 20:34:45 +0000 2020,9636,[],1252334915536007168,,,6368,2431,"<a href=\"http://twitter.com/download/android\" rel=\"nofollow\">Twitter for Android</a>",3387095836,1,16,Wed Jul 22 09:33:53 +0000 2015,Twitter for Android
Mon Apr 20 20:34:45 +0000 2020,103,"[sketch, corona, PMO]",1252334915305132040,,,4129,3670,"<a href=\"http://twitter.com/download/android\" rel=\"nofollow\">Twitter for Android</a>",1101707997842165765,1,20,Sat Mar 02 04:57:10 +0000 2019,Twitter for Android
Mon Apr 20 20:34:48 +0000 2020,6394,[],1252334928567689216,,,7096,1328,"<a href=\"http://twitter.com/download/iphone\" rel=\"nofollow\">Twitter for iPhone</a>",176829715,1629,1233,Tue Aug 10 15:11:53 +0000 2010,Twitter for iPhone
Mon Apr 20 20:34:49 +0000 2020,5446,[CitizenHeroes],1252334929972690944,,,186,1639,"<a href=\"http://twitter.com/download/android\" rel=\"nofollow\">Twitter for Android</a>",1337826882,26,186,Mon Apr 08 23:17:49 +0000 2013,Twitter for Android
Mon Apr 20 20:34:51 +0000 2020,6214,[],1252334938726248448,,,532,2663,"<a href=\"http://instagram.com\" rel=\"nofollow\">Instagram</a>",55627328,1792,779,Fri Jul 10 18:17:50 +0000 2009,Instagram
Mon Apr 20 20:34:51 +0000 2020,7673,[طبق_القدرات_للثانويه_ياريس],1252334939179188227,,,929,2262,"<a href=\"http://twitter.com/download/android\" rel=\"nofollow\">Twitter for Android</a>",1250913680159576064,91,10,Thu Apr 16 22:28:07 +0000 2020,Twitter for Android
Mon Apr 20 20:34:53 +0000 2020,2441,[],1252334946691059712,,,7772,1250,"<a href=\"http://twitter.com/#!/download/ipad\" rel=\"nofollow\">Twitter for iPad</a>",432001103,236,807,Thu Dec 08 22:49:39 +0000 2011,Twitter for iPad
Mon Apr 20 20:34:53 +0000 2020,4563,[],1252334948918444034,,,9109,2803,"<a href=\"http://twitter.com/download/android\" rel=\"nofollow\">Twitter for Android</a>",373693937,50,140,Thu Sep 15 01:51:21 +0000 2011,Twitter for Android
Mon Apr 20 20:34:54 +0000 2020,9214,[],1252334952638746629,,,1958,1991,"<a href=\"http://twitter.com/download/iphone\" rel=\"nofollow\">Twitter for iPhone</a>",249396046,365,521,Tue Feb 08 23:41:48 +0000 2011,Twitter for iPhone
Mon Apr 20 20:34:55 +0000 2020,2372,[],1252334955662848001,,,495,4384,"<a href=\"http://twitter.com/download/iphone\" rel=\"nofollow\">Twitter for iPhone</a>",476535304,1238,725,Sat Jan 28 07:13:27 +0000 2012,Twitter for iPhone
Mon Apr 20 20:34:57 +0000 2020,6273,[],1252334963611107328,,,385,7803,"<a href=\"http://twitter.com/download/iphone\" rel=\"nofollow\">Twitter for iPhone</a>",2440120350,525,418,Sat Apr 12 14:54:25 +0000 2014,Twitter for iPhone
Mon Apr 20 20:34:57 +0000 2020,24,[],1252334965393625088,,,7291,3910,"<a href=\"http://twitter.com/download/iphone\" rel=\"nofollow\">Twitter for iPhone</a>",885502880890925056,129,177,Thu Jul 13 14:15:13 +0000 2017,Twitter for iPhone
Mon Apr 20 20:34:57 +0000 2020,971,[],1252334965846683649,,,2507,3250,"<a href=\"http://twitter.com/download/android\" rel=\"nofollow\">Twitter for Android</a>",961939724515627008,295,96,Fri Feb 09 12:27:57 +0000 2018,Twitter for Android
Mon Apr 20 20:34:59 +0000 2020,6551,[],1252334974449201154,,,2937,2141,"<a href=\"http://twitter.com/download/iphone\" rel=\"nofollow\">Twitter for iPhone</a>",1241508754153189377,64,60,Sat Mar 21 23:35:37 +0000 2020,Twitter for iPhone
Mon Apr 20 20:35:02 +0000 2020,2620,[],1252334983848644608,,,5565,8894,"<a href=\"http://twitter.com/download/iphone\" rel=\"nofollow\">Twitter for iPhone</a>",1163454136953651200,196,346,Mon Aug 19 14:14:25 +0000 2019,Twitter for iPhone
Mon Apr 20 20:35:02 +0000 2020,1390,[],1252334985211609088,,,6501,2287,"<a href=\"http://twitter.com/download/android\" rel=\"nofollow\">Twitter for Android</a>",1252327608714493952,3,38,Mon Apr 20 20:06:04 +0000 2020,Twitter for Android
Mon Apr 20 20:35:06 +0000 2020,9696,[],1252335000869130253,,,9389,1823,"<a href=\"http://twitter.com/download/android\" rel=\"nofollow\">Twitter for Android</a>",2901538627,262,258,Sun Nov 16 10:35:21 +0000 2014,Twitter for Android
Mon Apr 20 20:35:11 +0000 2020,1762,[OilPrice],1252335022390075392,,,9948,9632,"<a href=\"http://twitter.com/download/android\" rel=\"nofollow\">Twitter for Android</a>",336271572,721,713,Sat Jul 16 01:04:53 +0000 2011,Twitter for Android
Mon Apr 20 20:35:11 +0000 2020,141,[DinaThanthi],1252335022893301762,,,1975,656,"<a href=\"http://twitter.com/download/android\" rel=\"nofollow\">Twitter for Android</a>",1060803541046972418,21,26,Fri Nov 09 07:57:27 +0000 2018,Twitter for Android
Mon Apr 20 20:35:12 +0000 2020,3165,[coronavirus],1252335028685725697,,,5847,3296,"<a href=\"http://twitter.com/download/android\" rel=\"nofollow\">Twitter for Android</a>",63039719,1403,455,Wed Aug 05 05:07:17 +0000 2009,Twitter for Android
Mon Apr 20 20:35:13 +0000 2020,3637,[],1252335032586375170,,,9180,483,"<a href=\"http://twitter.com/download/android\" rel=\"nofollow\">Twitter for Android</a>",958473053956079618,29,53,Tue Jan 30 22:52:38 +0000 2018,Twitter for Android
Mon Apr 20 20:35:13 +0000 2020,8975,[],1252335032733011968,1252327504192339968,775984969294413824,4665,9505,"<a href=\"http://twitter.com/download/iphone\" rel=\"nofollow\">Twitter for iPhone</a>",2861458724,43,79,Fri Oct 17 23:36:26 +0000 2014,Twitter for iPhone
Mon Apr 20 20:35:14 +0000 2020,9663,[Abuqarax],1252335035119734785,,,5846,4163,"<a href=\"https://mobile.twitter.com\" rel=\"nofollow\">Twitter Web App</a>",1051871413827719168,719,31,Mon Oct 15 16:24:22 +0000 2018,Twitter Web App
Mon Apr 20 20:35:22 +0000 2020,7254,[],1252335069877997576,,,1113,6349,"<a href=\"http://twitter.com/download/iphone\" rel=\"nofollow\">Twitter for iPhone</a>",551863814,241,223,Thu Apr 12 13:37:02 +0000 2012,Twitter for iPhone
Mon Apr 20 20:35:24 +0000 2020,804,[],1252335076727066624,,71201743,9331,1884,"<a href=\"http://twitter.com/download/iphone\" rel=\"nofollow\">Twitter for iPhone</a>",1252331058692894721,9978,15,Mon Apr 20 20:19:38 +0000 2020,Twitter for iPhone
Mon Apr 20 20:35:27 +0000 2020,4137,[],1252335091910574081,,,4034,5696,"<a href=\"http://twitter.com/download/iphone\" rel=\"nofollow\">Twitter for iPhone</a>",392026021,1507,307,Sun Oct 16 13:08:31 +0000 2011,Twitter for iPhone
Mon Apr 20 20:35:35 +0000 2020,1324,"[StayAtHome, F4F]",1252335123346808834,,,2345,6075,"<a href=\"http://twitter.com/download/android\" rel=\"nofollow\">Twitter for Android</a>",1250750206922104838,13,57,Thu Apr 16 11:37:58 +0000 2020,Twitter for Android
Mon Apr 20 20:35:37 +0000 2020,5232,[],1252335130682654723,,,2115,8143,"<a href=\"http://twitter.com/download/android\" rel=\"nofollow\">Twitter for Android</a>",988342695482437633,138,288,Mon Apr 23 09:03:55 +0000 2018,Twitter for Android
Mon Apr 20 20:35:41 +0000 2020,9327,[],1252335149552996355,,,1634,9588,"<a href=\"http://twitter.com/download/iphone\" rel=\"nofollow\">Twitter for iPhone</a>",1173301586661167104,36,86,Sun Sep 15 18:24:39 +0000 2019,Twitter for iPhone
Mon Apr 20 20:35:42 +0000 2020,1637,[],1252335151511736320,,,2928,8829,"<a href=\"http://twitter.com/download/android\" rel=\"nofollow\">Twitter for Android</a>",1107706191742816256,93,192,Mon Mar 18 18:11:51 +0000 2019,Twitter for Android
Mon Apr 20 20:35:42 +0000 2020,6515,[],1252335155378864134,,,3175,5659,"<a href=\"http://twitter.com\" rel=\"nofollow\">Twitter Web Client</a>",1948063075,156,665,Tue Oct 08 22:23:36 +0000 2013,Twitter Web Client
Mon Apr 20 20:35:44 +0000 2020,5604,[],1252335160080478209,,,5705,7493,"<a href=\"http://twitter.com/download/android\" rel=\"nofollow\">Twitter for Android</a>",1180909560707473408,134,237,Sun Oct 06 18:16:25 +0000 2019,Twitter for Android
Mon Apr 20 20:35:45 +0000 2020,7052,[],1252335165688262656,,,5216,6721,"<a href=\"http://twitter.com/download/iphone\" rel=\"nofollow\">Twitter for iPhone</a>",1158007198200373250,39,38,Sun Aug 04 13:30:05 +0000 2019,Twitter for iPhone
Mon Apr 20 20:35:45 +0000 2020,8084,[],1252335166225350656,,,1155,3955,"<a href=\"http://twitter.com/download/android\" rel=\"nofollow\">Twitter for Android</a>",1106334693002223616,3684,3097,Thu Mar 14 23:22:00 +0000 2019,Twitter for Android
Mon Apr 20 20:35:48 +0000 2020,344,[],1252335176874680322,1252329647699886084,1240020876625674240,5643,2507,"<a href=\"http://twitter.com/download/android\" rel=\"nofollow\">Twitter for Android</a>",1243178337872367617,166,117,Thu Mar 26 14:10:00 +0000 2020,Twitter for Android
Mon Apr 20 20:35:51 +0000 2020,7556,[RipCoronaVirus],1252335189369348096,,,9041,8029,"<a href=\"http://twitter.com/download/iphone\" rel=\"nofollow\">Twitter for iPhone</a>",1022416380,466,740,Wed Dec 19 16:36:26 +0000 2012,Twitter for iPhone
Mon Apr 20 20:35:51 +0000 2020,3797,[],1252335192238325762,,,865,7806,"<a href=\"https://mobile.twitter.com\" rel=\"nofollow\">Twitter Web App</a>",883056264,609,1164,Mon Oct 15 20:27:55 +0000 2012,Twitter Web App
Mon Apr 20 20:35:55 +0000 2020,4853,[Corona],1252335209762230272,1252333226170953731,2836421,5377,6954,"<a href=\"http://twitter.com/download/iphone\" rel=\"nofollow\">Twitter for iPhone</a>",2946793946,217,109,Sun Dec 28 20:20:57 +0000 2014,Twitter for iPhone
Mon Apr 20 20:36:00 +0000 2020,7125,[],1252335226975670272,,,2605,7207,"<a href=\"http://twitter.com/download/iphone\" rel=\"nofollow\">Twitter for iPhone</a>",66557150,1066,1068,Tue Aug 18 01:38:18 +0000 2009,Twitter for iPhone
Mon Apr 20 20:36:01 +0000 2020,4480,[],1252335231744557058,,,571,676,"<a href=\"http://twitter.com/download/iphone\" rel=\"nofollow\">Twitter for iPhone</a>",55634755,269,325,Fri Jul 10 18:51:39 +0000 2009,Twitter for iPhone
Mon Apr 20 20:36:06 +0000 2020,8744,[],1252335252112060421,,132135600,8325,6891,"<a href=\"http://twitter.com/download/iphone\" rel=\"nofollow\">Twitter for iPhone</a>",345655505,603,2112,Sat Jul 30 23:41:13 +0000 2011,Twitter for iPhone
Mon Apr 20 20:36:07 +0000 2020,5955,[],1252335259154354182,,,3318,495,"<a href=\"http://twitter.com/download/iphone\" rel=\"nofollow\">Twitter for iPhone</a>",949124050156212225,54,149,Fri Jan 05 03:43:02 +0000 2018,Twitter for iPhone
Mon Apr 20 20:36:09 +0000 2020,4814,[],1252335267731501056,1252329987518025728,1227487561020518400,792,8469,"<a href=\"http://twitter.com/download/android\" rel=\"nofollow\">Twitter for Android</a>",243996873,367,1392,Fri Jan 28 08:06:41 +0000 2011,Twitter for Android
Mon Apr 20 20:36:13 +0000 2020,8292,[],1252335281698725894,,,3306,7525,"<a href=\"http://twitter.com/download/android\" rel=\"nofollow\">Twitter for Android</a>",2497623571,27,224,Fri May 16 03:01:59 +0000 2014,Twitter for Android
Mon Apr 20 20:36:13 +0000 2020,6842,[],1252335282994778112,,,4676,3348,"<a href=\"http://twitter.com/download/iphone\" rel=\"nofollow\">Twitter for iPhone</a>",1085124075759067136,422,372,Tue Jan 15 10:38:35 +0000 2019,Twitter for iPhone
Mon Apr 20 20:36:14 +0000 2020,2339,[],1252335288724131840,1252270121600659457,228814178,49,8436,"<a href=\"https://mobile.twitter.com\" rel=\"nofollow\">Twitter Web App</a>",1047021420,55,725,Sun Dec 30 06:28:07 +0000 2012,Twitter Web App
Mon Apr 20 20:36:16 +0000 2020,3044,[],1252335296429150209,,,8975,5454,"<a href=\"http://twitter.com/download/iphone\" rel=\"nofollow\">Twitter for iPhone</a>",1223626288252051456,324,162,Sat Feb 01 15:17:05 +0000 2020,Twitter for iPhone
Mon Apr 20 20:36:18 +0000 2020,2178,[],1252335303207145472,,,9141,5482,"<a href=\"http://twitter.com/download/android\" rel=\"nofollow\">Twitter for Android</a>",28383615,5846,5959,Thu Apr 02 17:53:02 +0000 2009,Twitter for Android
Mon Apr 20 20:36:21 +0000 2020,7205,[],1252335317685866498,1252332573109477376,248694018,7206,9759,"<a href=\"http://twitter.com/download/android\" rel=\"nofollow\">Twitter for Android</a>",3411342633,44,249,Sun Aug 09 23:06:16 +0000 2015,Twitter for Android
Mon Apr 20 20:36:25 +0000 2020,2420,[],1252335335725563905,,,2682,9439,"<a href=\"http://twitter.com/download/android\" rel=\"nofollow\">Twitter for Android</a>",1174656250946248704,7299,539,Thu Sep 19 12:07:47 +0000 2019,Twitter for Android
Mon Apr 20 20:36:29 +0000 2020,6971,[],1252335349738635265,,,9583,4283,"<a href=\"http://twitter.com/download/android\" rel=\"nofollow\">Twitter for Android</a>",1091502930870583296,4,17,Sat Feb 02 01:05:52 +0000 2019,Twitter for Android
Mon Apr 20 20:36:30 +0000 2020,8735,[RemovHim],1252335354662666242,,,429,2640,"<a href=\"https://mobile.twitter.com\" rel=\"nofollow\">Twitter Web App</a>",955174472083849216,12496,13172,Sun Jan 21 20:25:15 +0000 2018,Twitter Web App
Mon Apr 20 20:36:30 +0000 2020,5714,[طبق_القدرات_للثانويه_ياريس],1252335356365672449,,,4076,8737,"<a href=\"http://twitter.com/download/android\" rel=\"nofollow\">Twitter for Android</a>",3152922359,66,41,Thu Apr 09 22:39:16 +0000 2015,Twitter for Android
Mon Apr 20 20:36:30 +0000 2020,1292,[],1252335356722114561,,,1471,9266,"<a href=\"http://twitter.com/download/android\" rel=\"nofollow\">Twitter for Android</a>",876505110892957696,1249,47,Sun Jun 18 18:21:17 +0000 2017,Twitter for Android
Mon Apr 20 20:36:32 +0000 2020,2936,[],1252335362623619073,,,9421,9109,"<a href=\"http://twitter.com/download/iphone\" rel=\"nofollow\">Twitter for iPhone</a>",977393524932075520,441,197,Sat Mar 24 03:55:50 +0000 2018,Twitter for iPhone
Mon Apr 20 20:36:32 +0000 2020,2839,[طبق_القدرات_للثانويه_ياريس],1252335363130945536,,,7366,6862,"<a href=\"http://twitter.com/download/android\" rel=\"nofollow\">Twitter for Android</a>",1251936275805941760,6,122,Sun Apr 19 18:10:56 +0000 2020,Twitter for Android
Mon Apr 20 20:36:38 +0000 2020,6567,[],1252335389127446528,1252333909607669760,1080902023057420288,5056,1689,"<a href=\"http://twitter.com/download/iphone\" rel=\"nofollow\">Twitter for iPhone</a>",1073285533407870976,523,483,Thu Dec 13 18:36:26 +0000 2018,Twitter for iPhone
Mon Apr 20 20:36:39 +0000 2020,7174,[],1252335391765598208,,,8087,4198,"<a href=\"http://publicize.wp.com/\" rel=\"nofollow\">WordPress.com</a>",253047378,1413,1,Wed Feb 16 13:03:31 +0000 2011,WordPress.com
Mon Apr 20 20:36:39 +0000 2020,1317,[],1252335393950793731,,,9493,2646,"<a href=\"http://twitter.com/download/iphone\" rel=\"nofollow\">Twitter for iPhone</a>",452658705,278,220,Mon Jan 02 03:23:20 +0000 2012,Twitter for iPhone
Mon Apr 20 20:36:43 +0000 2020,3198,[],1252335409247461376,,,7033,6339,"<a href=\"http://twitter.com/download/android\" rel=\"nofollow\">Twitter for Android</a>",81840137,145,288,Mon Oct 12 13:20:20 +0000 2009,Twitter for Android
Mon Apr 20 20:36:44 +0000 2020,3139,[],1252335411994771457,,,3316,6924,"<a href=\"http://twitter.com/download/android\" rel=\"nofollow\">Twitter for Android</a>",30476749,1369,710,Sat Apr 11 16:41:20 +0000 2009,Twitter for Android
